X1,X2,Y
1.4223600509478245,6.447637780282868,0.0
3.493533342135372,7.132477478746281,0.0
3.2140840671625015,4.704132141893834,0.0
2.4912719509415133,7.157647184403451,0.0
4.220629331346963,9.271360333983145,0.0
4.300973115800234,6.103081432461228,0.0
1.2280812469551674,6.839757578506657,0.0
3.993247167398502,6.231159275271033,0.0
0.006018976370314455,5.179048232741197,0.0
2.049388831361462,4.957035183128113,0.0
2.6059002534954234,6.8967331541690315,0.0
6.4986699033040445,6.968689753997649,0.0
3.278727407242254,7.218131094491162,0.0
3.127337755002062,5.0223052382932485,0.0
3.1809982171277964,6.15890522037523,0.0
4.531882528392755,5.40856066105531,0.0
3.039623560837377,5.649689352175767,0.0
3.4343899646499816,4.989333052099021,0.0
4.427765187839026,7.048535790151503,0.0
2.5330746081072646,7.3143620522916715,0.0
2.36300988296549,8.246080836918942,0.0
2.1178679672044636,7.68706143075221,0.0
1.7976761486107333,4.484444590480297,0.0
2.588098398428728,7.2747160087219145,0.0
5.138501363977608,5.226790347735208,0.0
3.7686313471528554,6.900916845851589,0.0
3.5310688067433884,3.861336938698711,0.0
2.0202368584455996,5.061755954690795,0.0
1.6615442898338308,5.81655248901775,0.0
2.262786493396426,5.3093382929247355,0.0
4.297771385930918,3.862537448546819,0.0
1.9561594989607733,4.748872153937805,0.0
3.523690320371644,6.070174192552051,0.0
2.2071768564897476,5.60231188051546,0.0
2.687240884485531,6.536414497979865,0.0
2.0848920322079665,2.584531931938194,0.0
3.1280549583332733,6.492640184199877,0.0
2.0540467032299996,5.8991731293597525,0.0
0.7643659959368572,6.197202587091572,0.0
4.582320255119772,5.810515044994129,0.0
2.1502502135625905,5.917076939905206,0.0
3.15568201697719,5.935373908617126,0.0
2.363985620401697,4.564104868844073,0.0
3.7351187469967897,4.323722282152475,0.0
0.5017409784141176,5.594836180001,0.0
6.267775756063088,4.474378586245248,0.0
1.3311317627290913,5.55104139992984,0.0
4.857163446886629,6.405785538010488,0.0
4.958740252142577,7.4489808918207565,0.0
3.8460496613842303,6.741583719225001,0.0
2.1217037578164177,9.241857713614126,0.0
4.424639825700572,6.6033123264855025,0.0
0.7159780124326707,7.941270897333776,0.0
3.4454425169907363,4.845502068417121,0.0
3.8069251057419162,6.041797756045995,0.0
1.6516065404985192,4.6636837128053354,0.0
5.046934261751823,4.936612924743051,0.0
1.7992080622389868,6.608628195756811,0.0
2.5380005439109246,5.094972246849061,0.0
3.162186556486361,4.847694578271602,0.0
4.53098202456006,5.80782978871545,0.0
3.0455052381145733,5.9611500438755005,0.0
3.9578510873205417,5.18229012168427,0.0
1.3748742819993511,7.390777826160781,0.0
4.26444349782086,6.211356371120958,0.0
2.5136769536284724,5.131288440520263,0.0
3.3336112807078075,7.539587366566778,0.0
2.103207022885615,5.1031378755253,0.0
1.6239282897881278,6.109111857234627,0.0
2.14029858008458,5.955806429420977,0.0
1.7974322723886051,5.7774493321965235,0.0
4.140201237075739,7.168506263911409,0.0
2.2092934391603776,6.0410664712782935,0.0
2.9105339579652587,5.091899954157472,0.0
0.8994385125065096,7.124828186709946,0.0
1.254676278825549,5.643981811977793,0.0
2.8302203148328213,7.284432282014661,0.0
3.0588651652172145,8.947352666909445,0.0
3.710797881934987,5.7474622989157105,0.0
1.7534673518492374,5.329784375924966,0.0
3.6022889805469127,6.033282436808677,0.0
4.542523813469636,6.070157255512742,0.0
1.3271006443979225,4.403903632567641,0.0
3.9416644793578977,4.0057641206150105,0.0
2.7667525909043498,5.271628983426767,0.0
3.5272134019445396,4.318659229795517,0.0
4.360393756757736,6.698961590690689,0.0
3.471833097852218,8.44103949515932,0.0
4.152381518694704,5.062323149598629,0.0
4.427946337539272,7.719856877560877,0.0
4.037134848887909,5.749083263595384,0.0
2.589450916194363,6.402691858443271,0.0
4.720687704659257,7.28977890686582,0.0
2.7768792197769887,8.210572931104346,0.0
3.992501122387375,6.516295431795962,0.0
6.227248985691633,7.03522261623816,0.0
2.689577172772312,5.687135128601683,0.0
1.9870234805213145,7.4840438293163185,0.0
1.6215956785106909,4.972047486367596,0.0
0.5401734689335966,6.371035912703395,0.0
3.767321435863616,4.145514203652999,0.0
2.208497359666576,4.451144129860162,0.0
0.8206217707287449,5.480847690248667,0.0
3.3335693371025665,5.030271290508938,0.0
3.26772508002332,5.073674191698252,0.0
4.484364349839204,4.8266490834030495,0.0
3.4607078702265452,4.513445224716451,0.0
5.832896445273835,6.438452237611585,0.0
2.808629818960935,6.737055800817687,0.0
1.1139401648497838,5.707417470780786,0.0
2.814417782996115,5.512034552085617,0.0
1.3849468490798902,6.141969804706448,0.0
2.038918975880163,7.671824080186452,0.0
3.092497727801019,4.045855495981185,0.0
1.962530739062231,5.478366615136557,0.0
2.7461758541853287,6.503816525958059,0.0
0.3425788041108828,3.222136296415493,0.0
4.268107637278867,5.457600582529258,0.0
4.05471454785651,5.441521942991401,0.0
2.9846463856886616,6.387068046704031,0.0
3.6099980279152675,5.265484737901925,0.0
0.5793829884669481,7.251274616470089,0.0
1.383312581474943,5.980139648818901,0.0
6.827902670331191,4.79946581398595,0.0
2.1751236656971136,6.637639468344907,0.0
1.5340708287100588,6.384136106778187,0.0
4.786722764091838,4.775665209696745,0.0
3.490681507449794,6.341534355545353,0.0
1.713806499140047,5.867789219401996,0.0
5.312293648860781,4.385872977864105,0.0
2.767113578266724,5.648211832055134,0.0
3.6309927086893756,5.390240519438882,0.0
2.5614536139575548,4.903015093488373,0.0
3.3666991930586954,4.701475766397561,0.0
0.08791950405973337,4.706855253427371,0.0
4.030437224090164,7.39010793396834,0.0
2.3050119392902615,5.682012942759319,0.0
2.540806381409488,5.454047392883547,0.0
2.224019148564933,7.406286606440421,0.0
1.6829326173953776,4.512543025229396,0.0
2.5045890699996445,5.804989449798578,0.0
2.3725220670841907,5.145354918409904,0.0
2.906475180650813,7.0592548230663175,0.0
3.398592803376395,5.505527100012887,0.0
4.656566154754081,4.39348427091238,0.0
0.2738109045724757,3.635434525939863,0.0
6.101314316509621,5.441738229174013,0.0
3.2538935528001636,4.843889113465838,0.0
3.513881420136144,6.4669536907404375,0.0
3.1361645703758207,6.122439956397058,0.0
4.0015474007146485,7.150335024809013,0.0
3.2790541241778555,4.877907221566102,0.0
3.853478949263355,7.811772060715452,0.0
2.7627598753367644,4.849046467968905,0.0
1.7230924846807156,7.374181455845609,0.0
2.701778859839462,6.532546634634254,0.0
4.839881472051938,6.880451464848381,0.0
1.2053013921267173,3.4140760906045617,0.0
2.037081823780605,5.735937335444224,0.0
0.6538592987450742,5.390926223316567,0.0
2.6282458091412466,6.2411068075569105,0.0
1.5076037505200883,6.331005683294707,0.0
2.0804257878050287,7.518675676681126,0.0
4.380683023188277,5.705852463092028,0.0
2.6431097923872704,7.119871088632091,0.0
2.7441054805675282,5.173919680023845,0.0
2.148102027538469,6.235641109613439,0.0
2.100384613598862,6.502135750541323,0.0
2.0076788585811847,5.241327510220369,0.0
0.4870618412265686,3.74386651941733,0.0
2.052759379698736,7.444691022245498,0.0
2.0983679340950876,6.816540013601134,0.0
2.8318048700089604,6.589134252323647,0.0
3.526580346384616,4.583525338662985,0.0
4.128587905584311,6.11725561125266,0.0
4.033655282211619,4.292960267709508,0.0
5.287302998480483,5.796907039657478,0.0
1.8536461020081445,5.230746169421704,0.0
2.7654211078392805,6.195335514018893,0.0
3.6157604665000367,4.236253001299607,0.0
2.394014181521585,6.041323194130691,0.0
4.5561788138230375,6.766091664680927,0.0
1.3064287652356874,5.975413489004493,0.0
3.654050320519197,4.0416337401555635,0.0
4.382679189576613,8.125694024397571,0.0
3.430647946642392,6.817519584990471,0.0
4.941667628134589,6.208469341246587,0.0
3.5223025851474423,4.250755806306311,0.0
2.5232680793695503,6.273269122954814,0.0
2.4884774884362906,7.848389599567897,0.0
2.3804091124441027,7.426625641462492,0.0
1.7082104128082505,6.342215202973081,0.0
3.086273900553266,4.693618069358078,0.0
2.567943293027541,6.689044783751596,0.0
4.322767779480665,5.737434391449088,0.0
3.4630717060514056,6.473068472392933,0.0
-1.3981273399071723,6.553362065716055,0.0
1.2208653620246936,6.6065771459342875,0.0
3.8913957188406334,5.484243671057747,0.0
2.48941168773681,5.086442111551561,0.0
1.605071471051889,4.657045130860604,0.0
3.8311500869271216,5.768075441073172,0.0
4.12482147532541,5.539156824945351,0.0
4.021649476301124,6.389736618238325,0.0
3.0308752501523597,4.705776515593342,0.0
2.3913392358221817,7.820907281712264,0.0
1.6256737300147168,4.076864649117276,0.0
3.7464610013699233,5.8302135424564465,0.0
3.7688729955035525,4.169968869102492,0.0
0.809281333217871,5.978445328122463,0.0
3.136932924428706,7.129959823494876,0.0
1.2963904057287585,5.672908802602617,0.0
4.868762579704626,6.450571688224182,0.0
2.8827984735576897,6.404446327955583,0.0
2.99363236506756,5.441584508322955,0.0
4.932122666015701,8.980263448601663,0.0
1.6781302540624987,5.7338570404716664,0.0
5.100291422179163,5.1439700806554765,0.0
3.8115558029835133,6.886213990179763,0.0
0.9956592726507028,6.1276716893407235,0.0
3.004100298115098,6.255719157763656,0.0
5.222115052454436,7.387228389096069,0.0
4.292799847921155,6.626225340717021,0.0
4.593633423947658,5.700904255398544,0.0
4.019008058185108,6.342322385428066,0.0
2.336807693461732,4.426554798303211,0.0
2.4086441243123224,4.006431367397866,0.0
1.5435662791368998,6.478910311146055,0.0
2.515343072065161,4.346696449983581,0.0
4.294914610582338,6.0579448140309715,0.0
2.296759399624167,6.454997090827494,0.0
2.0356003854258056,6.424208334673029,0.0
2.396150524547995,4.5404148904340795,0.0
1.2945893020153638,5.983215123516701,0.0
3.630165055767183,8.637195403586048,0.0
0.963605441473061,5.732153635709693,0.0
3.317812101779895,4.480510886901627,0.0
2.889063214699884,5.716980868506359,0.0
4.399962704503726,8.337958814557313,0.0
3.715469465821727,5.4068106728496,0.0
2.5473097529631628,4.49489366655196,0.0
4.955658602115374,6.908765909435244,0.0
1.757143759475387,6.0193308493072,0.0
4.7304248654013765,8.314626403220569,0.0
3.0533009801393116,6.590166285612135,0.0
3.0095161931340737,5.898704972109561,0.0
3.1995551188126794,7.6549172333554045,0.0
2.775627524959643,5.645099628028369,0.0
1.7045175975448812,5.366757346729544,0.0
4.105515904133014,5.855713748751642,0.0
2.8430118671772373,5.31615586526126,0.0
3.3758675979056925,4.993610085833861,0.0
4.080158634256602,5.882982094285013,0.0
3.5983670400241485,5.9635065610447135,0.0
4.252906943193117,7.806633537597576,0.0
2.857761574955644,5.834516657273601,0.0
3.5291880597802727,6.865530681764326,0.0
3.4670212687981556,6.836339970650244,0.0
2.4881942746613093,5.911623333108159,0.0
3.825896798375929,6.448048570153663,0.0
2.05377930865624,6.530151697460207,0.0
2.8224800408746513,5.370459399144255,0.0
3.294030151459484,6.571639390894556,0.0
2.467254202923624,7.2095534707588715,0.0
4.1521780510449755,4.4018625422761275,0.0
2.6611988947492065,7.3077255586137735,0.0
0.27902902415272157,6.952436443920965,0.0
2.782085580063251,5.613118711367334,0.0
1.1739022964715276,5.816125769069242,0.0
3.8556589367116283,7.29126910895892,0.0
4.448405364181244,6.9644239790083695,0.0
0.8344654823276083,7.150448137752089,0.0
2.705367489231741,4.741811714005108,0.0
3.432997509884924,5.451519776557735,0.0
4.418888681878071,6.571506931832188,0.0
1.521068181120418,5.696911016281735,0.0
1.896127812815207,6.48033281122274,0.0
1.2677453002123644,7.024674305771785,0.0
5.127508934926844,8.260321239005375,0.0
2.5142816028038024,4.959970645889927,0.0
3.568149314591807,6.100517189731886,0.0
1.3847980895584198,5.751968952075338,0.0
3.686938575320175,6.842700310838163,0.0
1.127924604151716,6.578727252413543,0.0
3.790864870268224,7.114744580485924,0.0
3.761907845102507,6.448860705973342,0.0
2.751200343056305,7.052341697584006,0.0
3.666114604161857,3.8964134430586426,0.0
5.163870153031138,6.487131645557179,0.0
0.19396391898155274,6.6983297892925355,0.0
2.9825244984118964,6.306508346939777,0.0
4.181289749611783,5.552439866361043,0.0
3.141714698981269,5.102722412603449,0.0
2.0203073181628772,6.293006870896029,0.0
1.9475194605716055,7.235868683466608,0.0
2.891016492729089,5.572794542294088,0.0
2.4532091170174484,4.9693626863479805,0.0
3.289231154398769,6.286164528181894,0.0
3.294616442859761,5.232394638096434,0.0
-0.05560625955291565,6.519584536925062,0.0
1.5108894806353605,3.8150206743482404,0.0
2.6400846923571475,7.871316245750821,0.0
4.245318820975005,4.976536625325717,0.0
4.603053667943238,4.8750096561413745,0.0
2.4778777911775727,5.485268060997248,0.0
5.147192710271945,7.259424846378693,0.0
2.8334181097092297,5.148237529825384,0.0
3.7160640212570737,8.185410705502328,0.0
1.595840677256409,6.596834547840708,0.0
1.4002777608369348,7.104975989599777,0.0
2.760228859413642,6.6829258815357635,0.0
1.9003475465565354,6.472307962724835,0.0
3.125411162611418,5.381972496601807,0.0
2.5294846722829387,5.087153889398033,0.0
3.26301252308748,7.7554294722936215,0.0
2.414103944858953,5.378583453403481,0.0
3.9567934684332995,7.154035910528089,0.0
2.9413404730515444,5.85006479760959,0.0
2.9105788885122066,6.325727035957604,0.0
5.069648726937954,5.848485714361364,0.0
4.151583649567623,7.308613393472175,0.0
4.034469379981708,5.013182017147834,0.0
2.3102853483123145,7.322958578910603,0.0
0.8229057117944634,4.995101516411252,0.0
2.9455635377881357,5.015068586790762,0.0
4.804951462726195,5.064527650177121,0.0
2.5865048040198304,6.322168334311246,0.0
1.602045967568252,5.77241472884866,0.0
3.123856561053127,5.609655574216664,0.0
1.2583652630921156,5.455275444319138,0.0
4.124957913427454,3.6985553486283638,0.0
3.162022499268763,6.34512204700171,0.0
4.20245772604734,6.561668570897594,0.0
3.1357419994954374,5.759664843359552,0.0
3.80338751407168,7.3070897302512,0.0
2.8708803609481657,7.11280392437879,0.0
3.7968358002275098,5.483578942417217,0.0
2.28008666555542,3.610955419687121,0.0
3.0542829051900497,6.932428313891217,0.0
2.4660867006298357,5.680077745640266,0.0
2.867299235317036,5.263382419250323,0.0
3.7061260392226925,5.483036009554514,0.0
3.1636215997623083,6.297728710564264,0.0
3.7482171371013244,8.350274778704037,0.0
3.661215829911828,7.232275119881542,0.0
1.9365576507748368,6.6226608258773,0.0
4.858442304455978,7.407589721034641,0.0
1.7417552080506284,4.615970491243248,0.0
2.8517096286033916,6.744757838147759,0.0
3.6072252693324574,6.438234408417273,0.0
3.582820474682351,5.741485964404782,0.0
3.306779705052938,8.272545507404624,0.0
4.685592158266955,4.046031728161347,0.0
2.7159376381885965,6.389795678044216,0.0
2.380222384677184,6.638970279655914,0.0
4.107316928277462,4.321449754457689,0.0
1.3934936155621578,6.152159016643365,0.0
2.5009495143549114,5.332840583018388,0.0
4.420668867682709,4.472215825197326,0.0
2.764803000805717,6.040196498074155,0.0
3.690811456441099,4.893863273051293,0.0
4.524700900363328,3.9442503470582984,0.0
1.3304473590638652,5.311521268387104,0.0
2.4070801467328495,7.009555417743355,0.0
3.573875331522231,4.271058780324581,0.0
2.1161033699051686,4.3538204272644005,0.0
4.162800876962012,6.575868807343238,0.0
2.0818035795520355,4.7145407249270725,0.0
3.5399156581388054,5.179726532033076,0.0
0.946743885097102,6.287565181317754,0.0
2.3636173027606784,5.92735989497068,0.0
2.7712238900646913,6.345352966210491,0.0
2.1225733350631897,6.18341120867463,0.0
1.8497902864630538,6.089905509876632,0.0
3.0858914352322335,2.65434664161143,0.0
3.676515642671746,8.586330355232347,0.0
2.866959864633003,6.702334060215032,0.0
3.4934079355610845,6.253195836980111,0.0
1.2134360333999794,4.914392894109582,0.0
1.8407001103715301,4.969013840632955,0.0
2.7788775652515985,6.757719557912357,0.0
1.8198590213707901,3.5107870437392115,0.0
4.693197956330727,6.714785447421937,0.0
4.424477893733399,6.620229611277591,0.0
4.324808556136417,6.365122716577849,0.0
3.1624442141991134,7.177709820122783,0.0
2.2363659535700053,4.680451586505132,0.0
4.014106222570101,7.366695306711005,0.0
1.0118156261402673,5.470859330272147,0.0
3.4973369097077587,4.587981965252208,0.0
1.6177909984253558,4.777325552059581,0.0
2.376256046715495,6.992654188626904,0.0
2.8234560440976675,7.567078279014279,0.0
1.4866497894249553,7.212055116826642,0.0
4.296708160072478,7.863983770165227,0.0
3.339233906065113,5.161397047721186,0.0
1.9218658189400386,4.972339021595002,0.0
4.334865602816589,8.640625469744554,0.0
5.199722275817393,5.12366133526963,0.0
3.6714444465178393,8.021979486591153,0.0
2.147187979307849,6.581636074832528,0.0
2.7448556310470416,6.837723970054494,0.0
5.080401211670345,7.247356776534195,0.0
1.6020084001618926,6.916979955867019,0.0
0.8042034078387457,4.968777875998292,0.0
4.803788476302994,6.261310293529791,0.0
4.969740728798552,7.141299769420378,0.0
1.7156026428644884,3.209389180161633,0.0
2.584913975750232,5.959930700931515,0.0
0.40516887073655283,3.8851686523591367,0.0
1.6951460114522587,5.346244825168372,0.0
3.167292328915227,6.410527127249899,0.0
3.9772835167380673,7.28161845625029,0.0
4.244893598242834,5.754072879883547,0.0
5.792679189501049,8.091425132222627,0.0
4.083009653974191,6.064531335765319,0.0
4.528748252156659,6.060242144416357,0.0
3.35819948733966,7.035211918322119,0.0
2.333351255748086,5.911391602759698,0.0
3.516433556179962,4.394660643385288,0.0
2.9578977789703393,6.839851689022532,0.0
2.9471007747078954,8.207880488829092,0.0
4.122028260767708,6.335053823259553,0.0
3.2224591913717453,4.191638769985154,0.0
1.5597973428624434,5.07681629802941,0.0
4.548089623959,6.177920050117117,0.0
2.9608739676596545,7.684240010070693,0.0
1.7063800725514553,7.080670481789534,0.0
3.992994458525703,6.921292336903107,0.0
2.697755320089468,5.484545407607399,0.0
2.612667059906041,6.518601323244941,0.0
4.395541816696058,3.8917761528969446,0.0
2.91295334425136,4.281635957484607,0.0
2.851958854881632,5.949088079122076,0.0
2.696369543254154,6.806755930474755,0.0
1.7880265118898562,6.701276421831833,0.0
3.7562036556720995,7.222657889068225,0.0
3.2324806894519824,6.014145425808208,0.0
2.414276632878349,6.988513855265918,0.0
0.8116828128049511,5.516979057346379,0.0
3.0470360708142876,6.482975411194844,0.0
2.775562122802621,4.699203665407228,0.0
2.7966388413475873,5.361237416989619,0.0
3.513757651335838,5.000080553099727,0.0
4.337160404493612,3.8325788086982198,0.0
0.20598302963546544,5.617580619403889,0.0
2.7533653247642755,7.58153837072795,0.0
3.6575042356900123,7.757203025898502,0.0
3.3421974283330877,7.773698555371869,0.0
2.9945206580190873,5.397836398894121,0.0
3.2703487835640157,9.234692730438907,0.0
3.386640638505989,5.538485608888755,0.0
0.5707090452069217,3.9393976929839427,0.0
3.353070762257056,6.126829124179548,0.0
2.8118234827559214,6.905724104572672,0.0
3.2183909389452663,4.181125076862518,0.0
1.5703022741037347,7.150495837114481,0.0
1.7031531668280866,6.22019484003307,0.0
2.548917360928048,3.4844192454787137,0.0
3.039190503833055,3.7696197476858697,0.0
2.3847806435017294,6.543880418552693,0.0
1.734684707851199,5.955054791236896,0.0
3.284570308175391,5.627373607436397,0.0
2.8424714241562485,8.272208073424927,0.0
2.799401276789929,6.575943016144813,0.0
6.096178722785925,7.364808328706497,0.0
3.0092563296955523,4.402511342903104,0.0
2.8850097650296758,4.857781242014186,0.0
2.6631594968376917,6.419536388273659,0.0
2.589063888977769,6.574772353743069,0.0
2.4561020941878566,7.655083562411571,0.0
0.6439861887778813,6.766653640415643,0.0
3.8962338635479417,5.239678489092673,0.0
2.159054282530031,4.234054216073765,0.0
3.2348991393807602,4.661254157112184,0.0
-1.114251254249714,5.219370656406002,0.0
3.2630295268092793,4.9902775910212505,0.0
2.6558162984544595,5.410226432885812,0.0
4.48595837043852,7.594730006489758,0.0
3.0282317796485456,8.054710045926841,0.0
5.368741875545817,6.118861722024923,0.0
4.027127022405022,5.047792413171498,0.0
1.8221150612543184,7.023775269496909,0.0
1.9099031997789022,6.526870368481935,0.0
4.579548484826178,6.745876895109242,0.0
1.8208742944647318,5.666673579970297,0.0
4.056924376167454,6.277870379388812,0.0
1.0843169114863311,7.904284545861223,0.0
2.6446795275084534,7.20935817631983,0.0
5.044406657313158,6.677781158153579,0.0
3.966540504889348,3.0737699768469042,0.0
3.03421841210441,8.81947325158429,0.0
1.8577737314349168,7.747484701151782,0.0
2.5372719060725264,3.036388107823033,0.0
2.0320231597914353,4.389915132381907,0.0
3.980410824499957,7.320492392269847,0.0
2.620530810537355,4.543988390299382,0.0
6.477559444710043,7.758767328793533,0.0
4.0247821488513456,3.797632396662866,0.0
1.3932019797920006,4.821828469304167,0.0
4.938781111959864,1.7578895903619287,1.0
4.812870873176304,7.084494636181152,1.0
4.834393209204209,3.4318679248974724,1.0
4.906933256134473,2.3481696597547885,1.0
4.072460878937591,4.619875764621463,1.0
5.656747781667394,2.453301938728413,1.0
5.5715127237138455,3.2323754187975924,1.0
4.344607887840515,1.6985845230304766,1.0
4.970300246634891,6.625003024991157,1.0
4.819356165351114,5.859301779838459,1.0
6.039410071766342,2.3357553447937534,1.0
3.498375265435545,4.768887721192655,1.0
3.4520519059140877,2.0564634697263218,1.0
4.691073667625617,4.640335747390955,1.0
5.999293873221226,4.394871789507336,1.0
5.957184711390381,6.657728755342194,1.0
3.979539784243892,3.8596726676297375,1.0
5.9919716906410345,4.814446335047034,1.0
4.454151643897958,7.497536452775913,1.0
5.250535987069676,6.314173427146834,1.0
4.027038778686851,2.6707697726688746,1.0
6.623565987505319,7.80663206956862,1.0
5.447766910434278,3.9335312418117345,1.0
6.022817573868701,5.016109745771104,1.0
4.650171098149711,4.194902198202588,1.0
5.697855487031104,1.4782510744245645,1.0
4.340365343059906,5.694343343617581,1.0
5.903260452698432,4.793633726595852,1.0
6.2291457564475925,3.9489876347187334,1.0
3.347972214266009,3.843264539255008,1.0
5.715981631237208,6.030004072583402,1.0
5.809739137861863,2.342734184079103,1.0
5.045977583364191,2.0462640127166933,1.0
3.9147802287173854,4.270137552084926,1.0
5.216889612099459,2.4095209266995523,1.0
4.464418008971233,5.286215869568265,1.0
5.530778620371194,1.9185747002638305,1.0
3.9782149966842004,5.381408681818371,1.0
6.5103511206018245,3.9029158256449814,1.0
5.991583488139412,2.7249959147230167,1.0
4.618158048185775,5.7169616603160485,1.0
4.400127473475787,5.806911956004106,1.0
4.252376005047365,4.218293242524512,1.0
5.618710703270192,1.071818558725469,1.0
5.258509100518723,2.7030580180270922,1.0
6.131667558317041,2.003003012898898,1.0
6.573342009044408,6.159095705920786,1.0
5.0595532654348805,5.280999569151624,1.0
7.145393862749845,3.522403975426298,1.0
5.2311627493996635,3.7152473937768393,1.0
6.6210581982087575,3.0959210673702744,1.0
3.5938007226484854,4.324175480055797,1.0
4.126299217754576,1.3119690207477674,1.0
6.695287326913221,5.1176076237772286,1.0
5.46232150583831,3.3886065897146915,1.0
5.950013339440454,4.703377697186845,1.0
4.069894088227677,3.0215380299286894,1.0
5.513018925171797,5.45046372923113,1.0
5.8005786000050525,3.9991869101179085,1.0
3.5479500115632856,3.465719578687148,1.0
3.9922491889511162,6.231116396785163,1.0
7.851311512476764,2.979236633468518,1.0
4.2922666748499605,4.577669241646076,1.0
4.57407913298272,5.16456189669115,1.0
2.0059167095600716,4.53781991816132,1.0
3.8216063217853415,3.790086173676356,1.0
5.123225362359891,5.824640320283219,1.0
4.368821727620512,4.8712234952606455,1.0
4.331796385416131,3.686715112679164,1.0
3.809677166684812,6.169023426975272,1.0
5.147447017587642,5.124837013510001,1.0
5.676730122973127,6.024116110203201,1.0
2.655742746510466,5.633904326437709,1.0
4.959741371793275,3.6417266450610755,1.0
5.851010875715611,4.189494709994023,1.0
5.4050914660578995,2.5346872217823444,1.0
3.053907898445504,3.129759201548664,1.0
3.9385092042413135,7.912466833140811,1.0
5.855491221866312,4.917884510006192,1.0
2.04786322384661,5.090452275604715,1.0
4.900646770581333,5.8254625672986515,1.0
6.0605035870729465,4.256426970246962,1.0
4.239197970305323,3.647385867776711,1.0
6.116864229843472,4.223104506910631,1.0
5.523755446039441,2.3627676370601884,1.0
4.562185094989185,3.482195275495582,1.0
4.923809728898081,3.252555165322565,1.0
4.09344408854963,4.803341148770627,1.0
4.5087188270748335,3.788622535515262,1.0
5.828948114503595,5.163664606486813,1.0
3.3624183598190465,5.242175803836624,1.0
5.134505885587792,8.693555556267242,1.0
4.517403143404438,5.8243349353426375,1.0
6.587038333015203,3.193639429616986,1.0
4.834618714406623,4.844867018203107,1.0
4.241918706355578,4.444467586925099,1.0
6.592359353749792,3.844012131480627,1.0
5.250943802280181,1.5274577291302243,1.0
3.605796763089443,1.6471279301982484,1.0
6.031846243853144,4.068801287410048,1.0
2.6419805623400627,4.355834854051107,1.0
5.801331664194891,1.9773583938230836,1.0
6.283412014946334,1.8146202492304573,1.0
3.500328306104196,3.9248171421529245,1.0
6.096774454435733,2.5294719133400925,1.0
5.951686791480974,1.6554404298180443,1.0
5.112637156276614,3.5870474671028205,1.0
4.674551428828657,2.753336942235701,1.0
3.780040176891495,3.164586791883078,1.0
4.532607374028129,2.5145889642522468,1.0
5.741360130922419,3.375214819715146,1.0
6.716111308435229,7.79852916146657,1.0
3.3899205972522237,4.060613242838288,1.0
5.635860013325583,3.15022210851008,1.0
5.988518781043725,5.303500819184039,1.0
5.502526378103972,3.4550525705775303,1.0
3.369716733982116,3.7075820667446377,1.0
6.439322860483575,3.3786484538813064,1.0
4.981801097547359,2.2728896722723166,1.0
6.662053795634234,3.489428084469559,1.0
5.469876929059403,3.229485686235041,1.0
6.380963772292597,3.8215084509324058,1.0
4.010912406223613,2.2192198726461188,1.0
5.029614234613447,4.383123372289065,1.0
7.078376736905344,2.863586698560251,1.0
3.2567760911243058,4.622463967168286,1.0
4.714782700347401,3.8406009850371943,1.0
5.2276975372670265,2.7604972050244427,1.0
3.2647931269073167,6.9808927951562385,1.0
4.427205698906996,3.6803014863816035,1.0
6.021037629422784,3.7913111493366825,1.0
4.114815689286089,4.22638089599836,1.0
4.664825606419573,4.7785107186530125,1.0
6.99923062984922,4.700332286081093,1.0
6.438552590933106,5.039186515529234,1.0
5.116232876639879,3.3090241215643523,1.0
5.807144735060105,5.023909203453988,1.0
6.999279504654104,3.6358246127743254,1.0
4.149771329658239,4.408854897597314,1.0
4.516939844343886,3.997103747059991,1.0
6.836376391049072,2.0332032992097204,1.0
5.2130876951157985,4.18606165040204,1.0
3.13476950798254,3.6658903159208274,1.0
5.9356760413808605,3.783445128176467,1.0
6.227710201200365,4.26002870520678,1.0
4.867402327410487,6.6251687681462545,1.0
4.413772643199978,7.256681274421086,1.0
5.127560264324692,4.203980113143066,1.0
4.2167682969571025,4.666776424473312,1.0
6.063427430375854,4.6037510113927,1.0
4.941084961503376,5.894572017165888,1.0
4.492045510852264,3.3491163580105514,1.0
5.1636015527918255,3.63928554436865,1.0
7.860928552465842,1.8050824176969256,1.0
4.429158313117007,4.0257052454865185,1.0
5.406974361463422,3.3351891297100646,1.0
5.309757839344582,4.877019769195892,1.0
5.15691842520752,2.7200863161648665,1.0
5.18202402268112,4.478569283509292,1.0
5.958971742966706,4.743640136423657,1.0
5.557749134703411,2.8081700963695666,1.0
4.535486945785632,3.7577067172314385,1.0
5.289092949610051,0.9220009829753812,1.0
6.139217722082812,3.3084347341428257,1.0
6.533100213567053,4.6921499271644045,1.0
6.082122508494493,1.8619644115558645,1.0
4.488105286837362,3.1369607729986475,1.0
5.093148701857607,2.6741906776689346,1.0
4.654797614881118,3.846008491756801,1.0
5.769720933916958,2.8439427155804258,1.0
5.664321625492361,3.9555218640497807,1.0
3.2819718103657003,2.6570511055709884,1.0
4.170692314889863,4.05768440996657,1.0
4.443053623834428,2.739488312823708,1.0
4.116022473768563,2.951977056105325,1.0
4.5132447951329775,2.742900129729909,1.0
5.328801041911428,4.038835537686909,1.0
3.956980595797881,4.394711590277014,1.0
5.074221776265602,2.340141575744452,1.0
6.082456437407053,3.735771837823671,1.0
4.10752251884245,5.014466547969418,1.0
6.1958363918518575,4.912673523600521,1.0
3.622176374299398,4.822661999992484,1.0
3.1753544316427345,3.5167894216121476,1.0
5.435355971341312,4.719175964013421,1.0
4.207176981164568,3.0599508991325814,1.0
5.165655021384649,5.390624521478522,1.0
5.424748998712595,4.102609146424313,1.0
4.959382438896523,3.8844955208697765,1.0
5.977906917608229,2.2501270736584393,1.0
2.4599096631080837,4.3400628762813955,1.0
4.672320756917374,5.111665908227729,1.0
3.910343773294473,3.883861445263969,1.0
4.285804858463682,3.2342861638487395,1.0
5.180871515676279,4.855245963417342,1.0
4.453857830420414,4.566728197784092,1.0
5.103259043568382,4.852305933868758,1.0
5.921520346940997,5.1294751954156235,1.0
4.689882063485748,3.8919647652361586,1.0
5.746100524938532,6.41526539633185,1.0
3.9503483604342593,6.399416889662586,1.0
4.938848010588143,1.6808221682723432,1.0
5.64588496936056,4.374475595551255,1.0
4.997409035555471,3.737224313959331,1.0
5.512682094197704,2.932229809894613,1.0
5.661070292673501,5.412900886811634,1.0
4.9916164263901335,3.2658896096922785,1.0
4.687557240899612,4.899386307238907,1.0
5.63865612200137,4.503719122602585,1.0
4.779330309922262,3.6936957046323737,1.0
5.775733812847165,4.231705303978686,1.0
6.113011359795655,4.765432559960642,1.0
5.705935077667888,4.929135329174975,1.0
6.1436521729017315,5.063953466940145,1.0
3.739354814495929,2.6700630835187766,1.0
4.8830759296178865,4.0508216836213915,1.0
5.154752569610329,3.4598813730124336,1.0
4.866034455077935,6.047315101314458,1.0
6.219852433715081,4.709996495925666,1.0
4.7148802211508665,1.249055052888219,1.0
5.213107743339949,2.8555607832625,1.0
3.3902714015002484,3.9935653477947803,1.0
5.362763965997335,5.838947985487508,1.0
5.614451349134379,3.5778838750128092,1.0
4.064524179271171,4.867332362880957,1.0
5.48922452553091,3.1206236896494572,1.0
3.7517634067691406,1.7757714862932557,1.0
4.0568840518879465,4.165725971172899,1.0
4.951348208397075,5.593186910217398,1.0
4.9190936049313585,3.830490342843773,1.0
3.9469789204436214,4.291676813231792,1.0
3.2590154230325727,4.183296240319765,1.0
3.997063774893527,0.9668207271543432,1.0
4.489265619034548,4.16736501948481,1.0
5.896246253142381,3.888151086226317,1.0
6.232900100026855,2.8524052958350805,1.0
5.885620271517118,3.470948821019106,1.0
3.6327757503412847,4.571585062104473,1.0
4.379167911148022,3.22849801863967,1.0
5.253933808901955,4.208521126996347,1.0
7.362571504546434,3.4210694936731936,1.0
6.214387288532286,3.4893750725322485,1.0
5.33016362401381,2.08804076048349,1.0
5.148544240758392,6.7713779629243795,1.0
6.342443139123391,1.8497794538427041,1.0
6.097109557571602,5.238895742962412,1.0
6.078059847861848,3.1003159813985803,1.0
4.382743578044366,4.043149332634019,1.0
5.043948759451857,3.5051206168234494,1.0
5.3266337381140385,3.6322677936821504,1.0
3.6536563989235376,3.0328862399718717,1.0
5.756261570461025,5.332663189845664,1.0
6.076309712882648,5.799607996627288,1.0
5.243861817568718,4.0835781503164394,1.0
4.804201314437625,1.6278507530106525,1.0
4.345084419039667,3.757135493095056,1.0
5.6810438119017785,4.5977150833995974,1.0
6.200289716399073,2.507083453431749,1.0
2.678333716374959,4.903529176062022,1.0
2.7689743433620295,3.624297479823879,1.0
4.320831244648117,3.6550395637263193,1.0
6.374332069693224,4.169894313860735,1.0
5.530143148712941,3.9305288196913786,1.0
3.8740094039519577,5.884499995346522,1.0
4.790709438832244,4.276598701231001,1.0
5.494453965884827,4.131094221976283,1.0
4.261700551329751,4.228931689137475,1.0
3.872081713280758,2.3900010792712605,1.0
4.198570635971295,2.6876615981412924,1.0
3.9465201190082206,4.705013249747943,1.0
6.09854063433668,5.738717871716842,1.0
6.085097327127271,3.8551064815552305,1.0
3.5755762366135606,3.9008274472594033,1.0
6.677321058323537,5.5484005467091615,1.0
3.6122237933695347,3.1239979685489794,1.0
5.721364557708711,5.9562185196286865,1.0
4.023524942518704,6.475233028310704,1.0
5.4082125682533375,4.073269882380721,1.0
4.268295131481733,1.7261326721403805,1.0
5.805339757656778,2.7902230789145617,1.0
5.131318236976112,1.485190607079479,1.0
3.82275289456868,3.2460950343869475,1.0
6.9375589474122235,1.957000515976398,1.0
3.230401645885139,5.959826582373345,1.0
4.846589761123557,6.626812186135853,1.0
5.22953670854856,2.7882443573450084,1.0
4.6452468829135105,4.183467159544121,1.0
3.8257532864045,2.652765484235848,1.0
7.285475499877261,4.188981161897368,1.0
5.200202630313016,4.382005912716081,1.0
4.764512209594619,3.706066020708917,1.0
5.215923598526315,5.988651906864465,1.0
3.626290451598593,1.437249404794589,1.0
5.125585145765816,4.032910531526691,1.0
6.729580145047615,3.756662651846098,1.0
6.602175605520294,5.783446161576726,1.0
4.791635326777671,3.930644869877366,1.0
4.611431227263625,6.2121350545612035,1.0
4.859474524459807,2.3650370874037128,1.0
5.841052374423289,4.520795302175433,1.0
4.299890618091825,5.028143471178966,1.0
4.77098328944982,2.2280691677339064,1.0
4.780921407823353,1.1488755342254882,1.0
6.090057740015749,3.774769684777126,1.0
5.726103431656517,6.228763356620767,1.0
4.134929651224052,4.605974216652607,1.0
5.229595557162781,3.942625566350076,1.0
4.832199337997646,2.4943612090208216,1.0
4.194676002576646,3.9201417556467604,1.0
5.901892091494292,2.9019404579676715,1.0
4.187246790688882,3.7538935965530134,1.0
4.8914856311118085,5.442959508569231,1.0
6.689451924264131,3.067945556809126,1.0
7.16129249336582,3.54652450623826,1.0
4.2028256299237885,2.574850596847952,1.0
3.719113110291792,2.7111819766138643,1.0
5.091610743565699,1.7941936957879938,1.0
5.65295038511702,4.297425026951203,1.0
4.710166715449577,3.377231993530975,1.0
7.1438351519376155,4.685737374900916,1.0
6.468530236260683,2.1072515975786086,1.0
7.1483616676705415,5.018055576988555,1.0
4.85560187864448,3.040457438077013,1.0
5.323551255376443,3.3639040201118573,1.0
5.171387353618229,5.142258589544686,1.0
4.7362646230523895,5.838413203914728,1.0
6.688895318208976,2.110988999974939,1.0
3.8032154528144586,5.58312261075684,1.0
5.986440477945634,3.022367415583478,1.0
5.323028334390863,5.200259847590591,1.0
3.7877587041960905,3.8616396321159656,1.0
3.596278348836231,3.3172509256274614,1.0
4.558212485220893,5.873482414206281,1.0
5.914984301477812,5.307518275596049,1.0
4.008337744006394,3.8300239138287164,1.0
6.2920403734683275,4.285507646574661,1.0
7.046837972364187,4.845955211203963,1.0
4.739499954608717,6.271977049201041,1.0
5.0193426652824265,4.048204054050549,1.0
5.068352843145583,2.91176877948702,1.0
5.978837089510786,4.337380442814564,1.0
4.6305777503400805,4.05542464854723,1.0
4.847532676730828,4.887159314578559,1.0
3.2573166280195864,4.4035665427806165,1.0
4.772794193783766,1.5238901267016147,1.0
6.048339842351877,2.485153365631204,1.0
6.35874651522023,4.079742084353313,1.0
4.0525551623181615,4.735387049248861,1.0
4.538805733013916,3.4176563823936545,1.0
4.881673325912242,4.785194468066545,1.0
4.978649149040554,4.392580269337239,1.0
5.875102828533369,3.313724440595518,1.0
5.403927625222987,4.952443388638573,1.0
6.105389009126245,3.5212883594214612,1.0
5.1020678949227865,4.482635465558822,1.0
6.32413102074638,6.000249667639748,1.0
3.647645028217852,3.108775924249175,1.0
5.397858213306693,2.529893928475132,1.0
5.543680428214165,1.999220115480791,1.0
4.069105313389926,5.299610396143333,1.0
3.3513394634016933,4.024455677195999,1.0
4.761533070389388,2.681248990468464,1.0
4.899961264738836,2.589878706238608,1.0
4.661649906038296,5.0222451804921935,1.0
4.863734439053841,4.7912838423733906,1.0
5.8201255075482825,5.259979251311265,1.0
5.032434590379967,4.059472742381027,1.0
4.962653136499682,3.790922710119297,1.0
3.5672407117963107,3.57083849571848,1.0
5.7624932375480356,3.6339046805141524,1.0
4.841663813747232,5.560560606284961,1.0
5.337078874033924,3.431757057869638,1.0
3.8611433160323294,6.009614207409047,1.0
3.8719105201367268,3.61086516942229,1.0
6.600929083314744,3.3223980767958454,1.0
4.572127781664901,5.155888326375936,1.0
4.578838154118115,2.3305563448109217,1.0
7.7763542942609885,3.8167595926968145,1.0
3.8847087318185984,4.648281033552898,1.0
3.898003130179694,4.532714302776354,1.0
4.841090857759793,4.455631024113537,1.0
4.616355714163818,4.589989773139832,1.0
6.400370373591853,3.302251571806236,1.0
6.002052905026151,4.886374157950414,1.0
5.4034428787039595,3.5776521780634987,1.0
3.275765829790438,4.738634240175136,1.0
5.8929908074978155,4.3869196044206955,1.0
5.135232574946622,3.199980208910375,1.0
3.7539160498947863,7.170954130462553,1.0
7.351706426634068,5.301963777599895,1.0
6.075353218683567,4.1403192888439575,1.0
6.570755513597484,3.7641198151701154,1.0
4.77498497379048,4.0090623517726405,1.0
6.318892592090773,4.380073567008888,1.0
4.6755126481738385,5.4265237914944215,1.0
3.6900609793193055,3.4805196187898817,1.0
2.915949572553265,7.072698875449836,1.0
4.654994650182598,4.197935654388502,1.0
5.0633298709038375,4.114536756343695,1.0
7.447982584811625,2.0579068724406335,1.0
6.263191931198539,2.2006965977845683,1.0
5.195499427091736,4.757271174406625,1.0
4.941780257484082,5.99146071611722,1.0
5.456699405787846,4.540894227007222,1.0
4.908968556704526,2.8240727673848585,1.0
4.704986321359213,2.8170155103612617,1.0
5.919882878983943,2.755248182088506,1.0
5.424224968772462,4.432549621166428,1.0
4.792487498441652,1.5916522231347168,1.0
5.286004939099435,2.9151293398253157,1.0
3.8211225433006986,5.983049114315646,1.0
2.881115579120327,1.99980079874741,1.0
3.5975056456548336,6.850010381955542,1.0
4.875041488911547,4.994939610164644,1.0
5.995941936664204,4.81697206234209,1.0
5.260792792008967,3.1974184630530145,1.0
4.681138431447149,2.3646436557609576,1.0
6.549200031020052,3.333026540465456,1.0
3.471312671803692,5.5706921028411,1.0
4.042146629920378,6.131738156340672,1.0
3.87884400219912,3.731503605372106,1.0
4.071995741597143,4.679166737203035,1.0
4.451900327228185,5.0531953151172875,1.0
5.094190553778382,5.038664013530413,1.0
4.770231168818848,2.296241744951146,1.0
5.044230676639249,4.800308542687879,1.0
5.566081968374719,4.671264391488807,1.0
4.924049754617868,0.3717028893051535,1.0
7.473149487924031,3.9106347308747553,1.0
6.299005959184305,3.3786636670398114,1.0
4.962428168715918,3.839987460545426,1.0
5.358189245650784,5.168703146499743,1.0
5.451222031563194,2.6673918400282304,1.0
3.5927477399815335,1.8525438594532533,1.0
4.427898158077649,4.128433419180625,1.0
4.382494865219855,3.9637271406878956,1.0
5.048281265850866,6.199269649935792,1.0
4.020336490464392,5.383538059516271,1.0
5.769617167271302,3.5676882706288615,1.0
4.3959272303712815,5.917285506869735,1.0
3.1776032487940506,4.5542718942969875,1.0
4.880581094602964,2.9890462402572533,1.0
4.024465043552693,3.9524405553541,1.0
5.5433627257894305,3.4462267787740712,1.0
4.694527420870011,3.5290808529345785,1.0
5.823087932910709,7.275957131639506,1.0
4.690892732343249,2.734404804223317,1.0
5.79553127239792,-0.17838513602958628,1.0
4.255437531529977,4.014254303441637,1.0
3.810618289434612,4.3665423805380925,1.0
4.067926475525582,4.52109722821271,1.0
4.644611663965401,5.718700076497799,1.0
5.456730824242603,2.0031994945956857,1.0
4.545951459836953,3.5643229700066783,1.0
5.241427160795111,2.364362766060067,1.0
4.786996921898865,1.1734244695897367,1.0
4.489401167091772,4.6389681499774715,1.0
5.357834106523271,5.357900684188056,1.0
6.823982902541433,2.976602032284375,1.0
4.2580791074095155,3.5615488701138025,1.0
4.216352958722896,3.0432062818193524,1.0
5.12021985742695,5.6359743122157635,1.0
5.125299218485493,1.9440722439895648,1.0
6.0842802726633805,3.6801471727403365,1.0
4.342975273613094,3.8828753769835322,1.0
4.868972072179381,3.076545532896932,1.0
5.225353280162586,4.1698712789256795,1.0
5.484232690288993,5.106176717719296,1.0
5.033719419401976,5.768580486815368,1.0
4.491069630734972,2.428193545459232,1.0
4.808484367217452,4.523215838767602,1.0
3.9760578369987476,3.286791266611553,1.0
5.074253675619139,5.250470587283143,1.0
5.476918904048826,4.173399981891768,1.0
7.057070612401073,3.4345133546468203,1.0
5.0787251379608485,3.6711647457931655,1.0
6.076147831086936,3.6417166167900543,1.0
5.889060357871891,2.0749198368152393,1.0
6.328702115063695,3.6597764833232205,1.0
5.674768068793891,3.5016435546470612,1.0
5.928519440130942,5.8926755899272365,1.0
6.67425198303049,2.121559289426081,1.0
5.310595132523055,4.731105501732939,1.0
5.745578242673016,2.5679446078620662,1.0
4.327290677887663,3.1529095619395004,1.0
3.771049726229061,3.276459945031704,1.0
6.045278393312988,3.623826375847015,1.0
5.158393752406583,4.936781111201778,1.0
4.5162160408339735,4.7364587522796535,1.0
5.957343391932187,5.777701094625869,1.0
2.9128232182575196,2.9528383917219667,1.0
4.320340351946687,4.273012133720506,1.0
4.63976456909543,2.992323253443662,1.0
4.3095532766228715,5.345538275558127,1.0
4.61451679350428,6.9557896209605605,1.0
4.600996118946505,3.175861773165745,1.0
5.09854170907992,1.7305891132692004,1.0
4.520666898525405,5.745962874099861,1.0
4.145953749498166,7.231463866736646,1.0
5.093922646222692,2.833066047950366,1.0
5.053455657499576,4.222186436095017,2.0
6.325320702605659,3.575994184796937,2.0
5.201419680394582,5.988258977880221,2.0
3.287326831933192,6.396752944294456,2.0
4.7165318868213255,5.7422515911133685,2.0
6.8059839047013115,5.404774031162479,2.0
7.720305533009303,7.739254675784904,2.0
5.225823970548389,5.9725588210794305,2.0
6.361924917567296,3.3587806354356182,2.0
4.343501364758199,6.917866046102395,2.0
5.992508102154652,7.27404632277443,2.0
2.5927544397543407,7.337220370133869,2.0
4.617155071254648,4.574412108333278,2.0
6.283478620607039,4.354556133142253,2.0
5.978373418697764,5.775105825785852,2.0
8.515787012725779,2.9154640632677316,2.0
6.7379265193625395,7.481998062098791,2.0
3.1418765875879786,6.317745952313341,2.0
4.525769279853906,6.784909673821354,2.0
5.827645948991396,4.881194086342814,2.0
7.982175724805547,6.6517062375183915,2.0
3.5077636706517303,5.449653643467986,2.0
6.45504750728763,3.8381956776289723,2.0
6.745500905402052,8.20043318232617,2.0
5.84525818262298,4.404040925957098,2.0
3.168610244764666,7.65928799764173,2.0
3.6422890277717492,4.662828348249622,2.0
8.17076955612035,5.220828133348251,2.0
7.359618928365992,3.4825647266948994,2.0
5.307408456739399,6.188752693624204,2.0
6.736484125913428,3.8271004941360203,2.0
5.635890520263478,7.438955551544396,2.0
4.101247844036905,6.595759267646357,2.0
8.339456301217098,7.966691366746099,2.0
9.105483282997312,5.487458652350817,2.0
6.01599618330031,4.484984948512091,2.0
7.591340247369151,6.620611607593426,2.0
5.0869641990082215,8.067262984297022,2.0
5.555975893412299,6.548232074976606,2.0
6.262992681957297,3.5023357892459344,2.0
7.448983180941991,6.255965181300844,2.0
7.0385111729513845,5.10120318084648,2.0
7.69375146338611,8.231797402982838,2.0
5.375583475119211,6.124668080907577,2.0
7.7818558451524655,4.934514988549284,2.0
7.591208381863034,7.225332957332386,2.0
8.129432817703123,5.241441087196532,2.0
4.488287574124762,6.185709315501228,2.0
4.522433392847397,6.941237053960087,2.0
6.356016283751995,6.714220075671774,2.0
8.328204196855765,3.7766718118400506,2.0
6.75799752985119,5.398836759221521,2.0
5.693098106201799,6.4675688760861885,2.0
4.726395082488692,5.258399072160636,2.0
7.648704365137792,7.107037861409283,2.0
4.766301919672091,6.0639540337989315,2.0
5.629190443807874,6.733302991082997,2.0
5.8216980000546945,4.604463335985409,2.0
5.477880316775737,6.042504032946451,2.0
5.2753223998179735,7.267749488538963,2.0
3.6077828633865177,5.055646962820357,2.0
3.81653628130297,4.840941528909696,2.0
3.8086887316640836,7.2032814558694245,2.0
7.184534521313196,6.706192468192381,2.0
7.60498808423761,6.583046822574052,2.0
4.5211645645528336,6.000490014455664,2.0
4.887705971095605,6.878143971715097,2.0
6.114044354260792,5.7364531416142635,2.0
5.9386223519284895,4.038386081854934,2.0
5.423394242119025,7.49089044725987,2.0
8.273663127266222,5.741208136277949,2.0
5.481158522647868,7.121536623501251,2.0
7.075842699561472,3.712737115504293,2.0
6.005185397342432,7.153610092465281,2.0
4.393597621770706,5.254088640804518,2.0
6.221852479981699,8.092222926023304,2.0
5.540105000671898,5.827035331787422,2.0
2.9747263589951705,5.702839652711917,2.0
7.7023159375936405,8.789657360566386,2.0
6.9133508312517655,6.359548896110401,2.0
6.5200528095085595,5.0800956074882855,2.0
7.190675730004109,7.736903016040165,2.0
6.814710903099094,6.248926668004692,2.0
5.492363752965697,6.838486546530847,2.0
8.10701497267355,6.713686833562264,2.0
7.383575174248322,5.523880728358118,2.0
4.820983646002802,8.49682399001491,2.0
5.214986603768265,5.7952534338088615,2.0
3.460229560583666,6.302183100796947,2.0
8.18416520407639,6.300668842027212,2.0
4.911553975545574,7.084478852912905,2.0
5.529810132529174,9.300262562641091,2.0
5.011441676133388,6.945535646287323,2.0
6.650969909715239,6.50997213544632,2.0
8.295939803526464,6.509590517959668,2.0
5.867306952347127,5.702329299691712,2.0
7.499955365525089,7.315677248707082,2.0
7.925615838788281,6.151377567667413,2.0
6.139929488238174,7.339356414567643,2.0
4.871347041023634,6.592252460643971,2.0
7.865490853366765,7.280957340492871,2.0
4.134251531407353,5.199437711526571,2.0
6.652090755513071,5.461965172187618,2.0
7.153072716782387,6.615654329473565,2.0
4.664142902199748,4.878290821094366,2.0
1.6546731024272896,6.934452892642512,2.0
8.553858699379278,3.8318965752405614,2.0
4.6326986113100155,7.618716067980288,2.0
6.341096856573894,7.931167159776932,2.0
5.103275748368176,6.223795941520609,2.0
7.3139755989868345,4.234851036338412,2.0
6.04194127247455,5.394891963633197,2.0
6.852277262696228,5.811789190767206,2.0
4.932415625556976,6.715464646806061,2.0
7.4949042443195015,6.537315399538417,2.0
5.429967962385694,6.212828707190271,2.0
5.904890341533601,4.926404175600675,2.0
6.721573794067594,5.303490099471498,2.0
4.820489403814289,5.935394098339935,2.0
3.6524848376266967,7.879804880313382,2.0
7.38654638718902,5.193470352100447,2.0
9.283278332105665,5.750196017530741,2.0
8.113708074218094,4.057266744062133,2.0
9.046188161076355,5.765470982883443,2.0
6.826325002670252,4.5574110466946145,2.0
5.143837312783967,3.9552735977128335,2.0
5.396599057853886,5.570214205226327,2.0
4.568533027996214,6.177946557181302,2.0
7.60123396227007,5.922221561179549,2.0
6.401419439486715,6.644979133183317,2.0
6.369512038999924,5.309866386384725,2.0
4.658041718602162,4.131200358296497,2.0
2.054357328043095,4.548311676689017,2.0
7.4660761634105075,4.299530516061353,2.0
5.437434853333779,5.36423561302561,2.0
5.372296185687881,8.057689354484303,2.0
6.458882858489502,8.648935210823112,2.0
6.205362613016395,6.606056440328737,2.0
6.600603540554392,7.335166151740567,2.0
7.803253322728316,5.306251744324992,2.0
2.2959738256754867,9.39514599849499,2.0
5.172990138257568,6.217530237069265,2.0
6.471105141865,6.99742387650056,2.0
5.052515105928304,4.704468174157393,2.0
6.919622369603975,5.072334161532099,2.0
6.726233164499346,5.629500050323864,2.0
4.653816272238865,5.467177929376305,2.0
6.7073315151500825,5.660745593088587,2.0
7.269152873465822,5.126687826137372,2.0
4.021393149145216,6.6509238812036875,2.0
4.22457334345363,3.2126722091177156,2.0
6.477002310945147,6.077683944841045,2.0
6.22806065458229,6.574425684080174,2.0
4.608907591022982,6.174473464363316,2.0
6.228795786766182,5.393180252349038,2.0
7.869403375774612,4.274668014179316,2.0
6.757894706860249,3.999652672556823,2.0
5.583979256290334,5.315838697293426,2.0
7.428688342186922,7.086238702128272,2.0
4.831982267524289,4.093736864081851,2.0
5.44148083919107,7.274281622181425,2.0
6.209144937491492,5.806578598915997,2.0
6.107022485144947,5.529607877086564,2.0
5.482973555978925,5.254534860980058,2.0
5.991816563941247,5.441784931896908,2.0
4.885637815257508,8.199909754074906,2.0
7.8623013750895145,7.295155833468956,2.0
6.162742351922023,7.02843781447194,2.0
6.0690979128846365,6.700574573063016,2.0
5.656726485397205,6.1198066621037395,2.0
7.759107107664785,6.465592142662144,2.0
6.12757457057595,4.636471120134701,2.0
5.3264586938437395,5.91859889348312,2.0
5.026973600800448,7.091659031558465,2.0
5.151232424761048,6.5386067273429544,2.0
5.188961350872651,3.8943080527277476,2.0
5.614226423747198,4.5510276600527675,2.0
6.618369332133512,4.454878858542635,2.0
7.041221403367577,4.770553901950113,2.0
8.435597795136822,5.608769278671243,2.0
4.827038468322309,6.338462427991854,2.0
5.208243604170331,4.567125195288246,2.0
5.942671448997431,6.474093007423988,2.0
5.891785328758088,5.6153212553602785,2.0
4.246574685036571,7.4474742873436695,2.0
6.710173761839266,4.478240181397826,2.0
3.377501042171388,6.2968011977246094,2.0
2.692950919386288,5.762694689907557,2.0
6.376899022021426,5.476590050825527,2.0
5.395261733164479,7.535515362686345,2.0
6.313159120486254,4.980159021526224,2.0
4.226880414495458,7.371560632922927,2.0
3.8093815063040686,6.311083733489611,2.0
7.437487426591029,6.27208076200401,2.0
4.602629876889223,4.80596529726188,2.0
6.730141760163673,7.63005924802246,2.0
4.044255334280731,7.676631709731131,2.0
5.499726099433197,4.653433452301391,2.0
8.5716661789834,5.286531504089885,2.0
5.89559807813482,4.36507788359804,2.0
4.647415330021192,5.637683879927788,2.0
7.84649241230186,7.365860468791309,2.0
7.901118928035308,4.970021891805045,2.0
6.275755945633254,6.9036299482241565,2.0
7.748050501767688,6.524371376828869,2.0
6.558404382354175,6.201800956060929,2.0
6.003407045237284,6.545373667400307,2.0
5.68724442437298,4.6075240717498955,2.0
7.210638914722859,8.276369161775015,2.0
4.663771493471433,6.687070026570342,2.0
5.39385300511417,7.28991637706685,2.0
4.492953115825086,7.813326796352634,2.0
7.944052427314365,6.231961679431345,2.0
5.834952634993781,6.014355136547004,2.0
3.8605675936648165,5.043184764309217,2.0
5.276372297362542,6.184162000437558,2.0
5.215521531798888,6.703324152174865,2.0
4.668116297998754,7.065794304401133,2.0
7.57309992428293,5.470859595251006,2.0
5.832894616522112,5.619817899564153,2.0
6.746080516946787,6.169990755055927,2.0
4.606175224473356,5.255555470087265,2.0
4.691205630990017,5.055153757932011,2.0
7.718859994396414,7.289085494651472,2.0
6.008848313087129,6.8971707193933485,2.0
4.825829968579788,7.519178510630149,2.0
6.166128536203952,5.824621272647686,2.0
5.179153189352071,3.7969314353111328,2.0
5.528848481945147,4.3915549540532,2.0
6.554267081263211,5.4575448404422655,2.0
3.8847037576869323,5.7777574941523575,2.0
7.190364479717327,6.338502273345081,2.0
8.097726396425236,7.621808873411958,2.0
4.69448933781464,4.611700146493001,2.0
3.269348538297651,5.491051039727894,2.0
5.258541588344903,8.03306753229577,2.0
6.994814526027548,4.10309254811047,2.0
6.817053071469083,5.609288750047287,2.0
4.674539847599489,6.0780126651386395,2.0
8.916690765513884,7.4820475640588935,2.0
4.536888700142012,5.5122738398117885,2.0
4.82021154995173,7.443589622295207,2.0
8.874672497498752,4.762897373212211,2.0
3.735539675465504,5.931178713785216,2.0
7.547817010139017,6.277110516629464,2.0
8.04520623138502,7.401803059932871,2.0
3.7564469628104367,6.781945235018197,2.0
8.209910587789883,5.3080147951695045,2.0
5.80342128337819,5.556495885926945,2.0
5.760310720229513,7.825776628036785,2.0
5.495987008512572,5.255101428978722,2.0
6.538355435985024,7.746910499511191,2.0
6.565203159197002,5.081366184835351,2.0
4.61125813180456,6.4419220548153815,2.0
7.262269747398291,6.261494010957891,2.0
6.26138902191673,6.918858955429144,2.0
6.94876944812477,6.8029867502263865,2.0
6.28236102593701,5.391242600821632,2.0
6.506025586846043,6.773691830822251,2.0
5.855194332427056,6.402867126175867,2.0
4.851410983978065,5.764331122806942,2.0
7.869999024961959,4.689012570615233,2.0
4.482067660096713,6.561714815280045,2.0
8.550676481421002,6.387919147999715,2.0
5.031106152039401,7.433899302965686,2.0
4.6084810592464915,6.141839394000603,2.0
6.732962855363337,4.308049886593684,2.0
6.464961368278582,6.265479938952143,2.0
4.638990867679946,4.929589874601664,2.0
6.069187042953936,6.687866286597816,2.0
3.8010805529283958,6.73322626468116,2.0
5.646504224011346,5.173530819497789,2.0
5.238318767287394,5.611805520094532,2.0
5.991882244422085,5.345141073004168,2.0
4.075878705732711,4.9552842407398145,2.0
4.874890993189639,7.646978660545781,2.0
4.522649638722236,7.7994919943495455,2.0
4.494604911126155,4.2873685834245805,2.0
5.590372808425464,6.695211290606172,2.0
8.990138342860108,6.272152720027849,2.0
6.262923877013659,7.372877589368207,2.0
5.8699086668705345,6.033998933971518,2.0
7.157148026627243,4.827651276654583,2.0
4.415667772237256,6.61186626448422,2.0
8.857873691842624,6.181874704894907,2.0
5.63947607014202,6.776176768603703,2.0
7.054386321417519,5.9891211948434115,2.0
8.865900797623794,4.463058532356243,2.0
7.59075457697045,4.93936367756743,2.0
7.432610279268399,6.7275331427146785,2.0
9.118045960745969,4.035075301664967,2.0
6.515188153668872,7.026919244429494,2.0
7.8022222917451,6.551973910286642,2.0
5.252829699072571,8.51234761597472,2.0
3.62881659358893,5.469081028663623,2.0
5.337505185519256,6.5565985500512305,2.0
6.967556529725423,6.338691088644035,2.0
6.153853770557766,8.254339554756974,2.0
5.060552275002399,5.449953788069834,2.0
5.001106573250504,7.3531378485800705,2.0
6.059015142014099,4.58659416925544,2.0
3.9648176552654455,3.2440570014871875,2.0
6.110818684197958,7.273049295996422,2.0
4.834772947088075,6.570664540377532,2.0
7.409167436922834,7.048594097349,2.0
6.265361383117376,9.451225532744697,2.0
3.5285340011782083,6.555449847777832,2.0
7.78476325153824,4.7967764894143174,2.0
5.852340134869948,6.171239591085153,2.0
4.933484661911913,6.5555636432274556,2.0
4.054060925283201,4.144613152667673,2.0
8.309336520261645,4.141441264753009,2.0
7.480184909377014,6.245766638417815,2.0
9.385000935016295,6.500226954227751,2.0
7.021957976540565,5.678175640366947,2.0
3.7644395399913306,4.914871422759013,2.0
6.302947554401197,5.42393799620457,2.0
6.327613448920537,6.6705754902496555,2.0
5.52907840458243,6.130267652823101,2.0
5.39351323711755,6.0068129002951425,2.0
5.098148599082584,5.5864404205175875,2.0
5.1712043714308304,6.906278914831757,2.0
6.102899061731716,8.78007896274067,2.0
7.151628521792173,7.863758911737635,2.0
7.208014757979236,4.36047571598812,2.0
7.227870755499916,5.465076249874442,2.0
5.985552085482297,5.3202510041430555,2.0
6.197744641456226,6.7288473468920476,2.0
6.568859203730793,8.252083641106305,2.0
8.411954068983604,5.64158468677671,2.0
8.00873268560129,4.842645658948808,2.0
4.031293855186609,4.044614796789762,2.0
5.597377622636178,6.0182885160557,2.0
5.4834496946186135,7.183790166166646,2.0
5.791517277178812,6.345535552796247,2.0
6.844296078760214,8.325592058337024,2.0
4.28344166641097,6.760221750735727,2.0
8.13525289062551,3.1958740726192163,2.0
8.56377025152205,5.70774036487092,2.0
5.5745361234781186,5.978223156397679,2.0
6.3057821303750785,6.329576199281429,2.0
8.627293295887197,4.598775994550831,2.0
3.237649265295336,6.009099305749467,2.0
3.9043091941715535,7.437261108479987,2.0
4.105377511850775,5.345462085118914,2.0
5.159713589284331,6.139817048379905,2.0
6.751738402922661,5.45609472644226,2.0
6.02846946507562,5.836111530125177,2.0
5.333905950794515,6.701870573242205,2.0
7.0809691120607035,6.324825760749252,2.0
5.277240063788676,8.239006268116478,2.0
6.456436570932965,5.597633590317112,2.0
6.346600276909408,4.390041216102394,2.0
6.4769509240674195,6.358416366343949,2.0
6.683251337844132,6.55564575095963,2.0
5.093706571347427,6.295756265916927,2.0
6.556549394942888,6.276129065352984,2.0
4.961883136030272,6.695845184304398,2.0
6.523263427884766,4.775330342099506,2.0
4.650010562944064,7.299058800170178,2.0
7.020100986175862,6.005504072356147,2.0
6.198161997528433,4.648813836989321,2.0
5.2602608189195585,7.062673821913473,2.0
5.453206014583554,7.4820141006491045,2.0
2.86576404351134,6.354328827321058,2.0
6.496591134331777,6.797694968790076,2.0
5.361079339675146,6.939355882416873,2.0
6.597121604144045,6.612914379477873,2.0
6.204600453963114,5.570297966438852,2.0
5.506621449535522,6.063657917618467,2.0
5.5575216563394365,7.620774018911886,2.0
7.432987753192823,5.227308001973077,2.0
4.8197309321462996,5.018168640914417,2.0
8.062150117644387,6.295082890803116,2.0
7.754637187161556,4.9617090983769065,2.0
2.7514788590701436,8.615640820374072,2.0
7.02466213996945,4.372068575750266,2.0
6.882446112131172,5.381417596288603,2.0
5.1969970254731095,6.880666510930543,2.0
6.4589620852179825,6.495199083188822,2.0
7.031871583964882,4.0622814060205545,2.0
7.37329272961826,5.287921941505257,2.0
5.531216332275249,7.18169524653395,2.0
6.991122113503438,7.351087894531975,2.0
4.282997346720684,6.368186612644826,2.0
5.8598071113669645,6.786957809291715,2.0
9.30093585282818,5.762118338926751,2.0
5.5532454072456705,5.915808063462081,2.0
3.251224878423624,6.90506341781089,2.0
5.683909365508041,5.948101834136756,2.0
5.623392668303247,6.904349586358007,2.0
4.570729737248131,3.654755607649196,2.0
7.519235133713578,6.206542074633331,2.0
3.467099363677376,7.04616513082456,2.0
4.56946187751506,7.204557802023733,2.0
6.965355335982203,5.041744980433491,2.0
6.13221212831386,8.133912150773273,2.0
6.347042230238797,7.332051627015135,2.0
4.582859272570282,6.026426148688097,2.0
4.866074852171741,8.563575888252688,2.0
8.345353441738222,4.656250341648876,2.0
7.939940902380144,4.709810348992059,2.0
9.067579031970213,7.819239113690271,2.0
6.886460365323058,6.341589183464197,2.0
7.238511642033924,4.877984085745331,2.0
8.54087824420412,5.077053365516484,2.0
6.728240235457956,5.2104679613466915,2.0
5.90511263059598,4.611776812247415,2.0
7.618901273166591,3.74758860013381,2.0
7.7566866656350735,6.229525080383998,2.0
5.140590982535296,7.390456508085252,2.0
4.707560732088079,5.012582971357795,2.0
9.79970825194269,5.120594088155741,2.0
5.067813491820594,6.640970880079452,2.0
7.513976589743778,6.1746341877158635,2.0
6.867075150578579,6.3909872067254785,2.0
5.712157580214761,5.633555825527201,2.0
6.151599854253427,5.35969790122702,2.0
6.537786227395353,7.43679150393729,2.0
4.487754143961612,7.117606039143398,2.0
8.033374169226892,5.138655794646934,2.0
6.283242001093811,7.610394409912967,2.0
6.0916783803203725,5.000659279009795,2.0
6.3606048094344985,6.219153319711765,2.0
8.444643737476397,5.530270705800321,2.0
6.183739900196753,6.157351625857985,2.0
3.36426764293411,7.336310896298344,2.0
5.2238584551234934,4.402337082352275,2.0
7.4744256870660255,5.809666847502162,2.0
3.5276269875538584,5.141631232569635,2.0
4.65210787571011,6.452303075928212,2.0
6.246965560776324,5.184699217869294,2.0
5.535658034471556,5.513907609741023,2.0
5.860599137234575,5.810758175954151,2.0
7.822385530268348,6.715741058582397,2.0
3.887863088463196,7.7514747530954775,2.0
6.0732197799599374,6.034258537693178,2.0
7.72209922209843,4.834172804980449,2.0
5.4892866194160685,6.6658997726104925,2.0
5.414456115974628,5.5124607248824615,2.0
3.481349684820092,7.971094100097836,2.0
6.361968253252295,3.9867197837066484,2.0
5.140951728174842,5.565499297073541,2.0
3.2874121438113186,7.485192901659791,2.0
6.936901178844538,7.478043523669044,2.0
3.8617129546933717,6.34434444986862,2.0
7.51082016872434,6.509763100984511,2.0
5.312086477267695,6.552391027754907,2.0
7.508889111235678,4.929653330752851,2.0
3.3042694723928356,5.863949590502654,2.0
7.83807185920358,7.698981696796262,2.0
6.161771233227631,6.199045275814322,2.0
6.401265036959098,7.631557802468611,2.0
6.573233173791545,5.7656602161712796,2.0
5.71043605659024,6.036111687259198,2.0
6.583317667872281,5.923470316879122,2.0
5.050451352152993,4.8747808410646325,2.0
4.670359474695031,7.662459031353371,2.0
6.551732326622751,6.293705335784593,2.0
5.584132486070166,5.192050462327462,2.0
4.531604723617338,5.835906747853688,2.0
5.27345974595563,7.338660170436844,2.0
6.501479729177665,7.777293091409177,2.0
6.421428445327636,4.473040931715375,2.0
5.559992308699684,6.83323116428072,2.0
9.51169303651272,6.03340202374844,2.0
5.622466953062152,6.1740301459690565,2.0
2.68085401151198,8.064213558509907,2.0
3.2561715145107315,6.701594680979718,2.0
4.46238086310132,4.087108191255806,2.0
6.275701376919124,4.370023401135445,2.0
2.557933593740623,7.329294505328364,2.0
6.939999107299616,5.81207235218248,2.0
6.928812210194245,5.918746316174852,2.0
6.0085225993904245,6.526695228240506,2.0
6.066798792600943,6.117420104724169,2.0
5.800272260268183,6.742774670706108,2.0
10.427293989850089,3.493596551893686,2.0
5.995537512809284,6.255825568663172,2.0
7.974367330808999,6.819344027364079,2.0
4.185571920437638,6.423123357359051,2.0
6.265957582769819,3.391391983658673,2.0
7.748250604473983,7.386758189163999,2.0
5.6446012157581045,7.146796438035674,2.0
6.86592482695394,4.864271683272318,2.0
4.764809835771766,5.717711130994273,2.0
6.619468910748068,6.582492986248026,2.0
5.4071447585504115,6.791707771993741,2.0
3.08174352933654,5.535461266762918,2.0
9.214021271629875,4.389768858551216,2.0
5.567162762815695,4.7815919414201975,2.0
7.121300116144652,5.516045465726865,2.0
6.509217564250623,6.291013225210815,2.0
8.184550959172407,6.65539691468241,2.0
8.924009359686185,5.2617600572836265,2.0
8.63864840406477,7.135098199434365,2.0
4.50236319801326,4.508121316192836,2.0
4.689034349528729,5.7264101981351505,2.0
7.0962776274644135,6.316844946664313,2.0
6.4067639364565085,6.795058247055087,2.0
